Algoritmo,Tamanho,Cenario,Tempo
BubbleSort,10000,Aleatorio,199401.00
BubbleSort,10000,Aleatorio,197015.00
BubbleSort,10000,Aleatorio,200058.00
BubbleSort,10000,Aleatorio,199470.00
BubbleSort,10000,Aleatorio,197256.00
BubbleSort,10000,Aleatorio,197094.00
BubbleSort,10000,Aleatorio,199918.00
BubbleSort,10000,Aleatorio,200971.00
BubbleSort,10000,Aleatorio,198298.00
BubbleSort,10000,Aleatorio,197443.00
BubbleSort,10000,Ordenado,91218.10
BubbleSort,10000,Decrescente,161493.20
BubbleSort,50000,Aleatorio,5808530.00
BubbleSort,50000,Aleatorio,5857367.00
BubbleSort,50000,Aleatorio,6132053.00
BubbleSort,50000,Aleatorio,6177585.00
BubbleSort,50000,Aleatorio,5889410.00
BubbleSort,50000,Aleatorio,5883063.00
BubbleSort,50000,Aleatorio,5906282.00
BubbleSort,50000,Aleatorio,6097547.00
BubbleSort,50000,Aleatorio,5870169.00
BubbleSort,50000,Aleatorio,5883917.00
BubbleSort,50000,Ordenado,2313277.00
BubbleSort,50000,Decrescente,4078905.10
 BubbleSort,100000,Aleatorio,26658215.00
BubbleSort,100000,Aleatorio,25867049.00
BubbleSort,100000,Aleatorio,25768202.00
BubbleSort,100000,Aleatorio,30497216.00
BubbleSort,100000,Aleatorio,31325339.00
BubbleSort,100000,Aleatorio,27573397.00
BubbleSort,100000,Aleatorio,26250602.00
BubbleSort,100000,Aleatorio,26301113.00
BubbleSort,100000,Aleatorio,25264260.00
BubbleSort,100000,Aleatorio,25661008.00
BubbleSort,100000,Ordenado,11516716.50
BubbleSort,100000,Decrescente,18838038.60
BubbleSort,200000,Aleatorio,101164903.00
BubbleSort,200000,Aleatorio,100634490.00
BubbleSort,200000,Aleatorio,100574869.00
BubbleSort,200000,Aleatorio,100143279.00
BubbleSort,200000,Aleatorio,100138810.00
BubbleSort,200000,Aleatorio,100628884.00
BubbleSort,200000,Aleatorio,100026668.00
BubbleSort,200000,Aleatorio,100099696.00
BubbleSort,200000,Aleatorio,100764515.00
BubbleSort,200000,Aleatorio,100358997.00
BubbleSort,200000,Ordenado,38405305.10
BubbleSort,200000,Decrescente,68130285.00
BubbleSort,500000,Aleatorio,637552684.00
BubbleSort,500000,Aleatorio,675269937.00
BubbleSort,500000,Aleatorio,674986918.00
BubbleSort,500000,Aleatorio,710231588.00
BubbleSort,500000,Aleatorio,758679284.00
BubbleSort,500000,Aleatorio,749431937.00
BubbleSort,500000,Aleatorio,720332679.00
BubbleSort,500000,Aleatorio,715130022.00
BubbleSort,500000,Aleatorio,652239292.00
BubbleSort,500000,Aleatorio,618394303.00
BubbleSort,500000,Ordenado,236497554.40
BubbleSort,500000,Decrescente,418308778.40
BubbleSort,1000000,Aleatorio,2992441935.00
BubbleSort,1000000,Aleatorio,2943501173.00
BubbleSort,1000000,Aleatorio,2932341337.00
BubbleSort,1000000,Aleatorio,3158237733.00
BubbleSort,1000000,Aleatorio,3314399646.00
BubbleSort,1000000,Aleatorio,2472737976.00
BubbleSort,1000000,Aleatorio,2471418518.00
BubbleSort,1000000,Aleatorio,2472607145.00
BubbleSort,1000000,Aleatorio,2473076688.00
BubbleSort,1000000,Aleatorio,2471533947.00
BubbleSort,1000000,Ordenado,942328837.30
BubbleSort,1000000,Decrescente,1715994163.10
InsertionSort,10000,Aleatorio,53069.00
InsertionSort,10000,Aleatorio,51315.00
InsertionSort,10000,Aleatorio,50636.00
InsertionSort,10000,Aleatorio,51430.00
InsertionSort,10000,Aleatorio,50170.00
InsertionSort,10000,Aleatorio,50502.00
InsertionSort,10000,Aleatorio,51013.00
InsertionSort,10000,Aleatorio,50483.00
InsertionSort,10000,Aleatorio,51095.00
InsertionSort,10000,Aleatorio,51107.00
InsertionSort,10000,Ordenado,0.00
InsertionSort,10000,Decrescente,102661.00
InsertionSort,50000,Aleatorio,1280294.00
InsertionSort,50000,Aleatorio,1286338.00
InsertionSort,50000,Aleatorio,1277661.00
InsertionSort,50000,Aleatorio,1277542.00
InsertionSort,50000,Aleatorio,1285058.00
InsertionSort,50000,Aleatorio,1276458.00
InsertionSort,50000,Aleatorio,1293132.00
InsertionSort,50000,Aleatorio,1283973.00
InsertionSort,50000,Aleatorio,1289190.00
InsertionSort,50000,Aleatorio,1282134.00
InsertionSort,50000,Ordenado,138.50
InsertionSort,50000,Decrescente,2564040.90
InsertionSort,100000,Aleatorio,5825655.00
InsertionSort,100000,Aleatorio,5654953.00
InsertionSort,100000,Aleatorio,5607263.00
InsertionSort,100000,Aleatorio,5632102.00
InsertionSort,100000,Aleatorio,5612338.00
InsertionSort,100000,Aleatorio,5744077.00
InsertionSort,100000,Aleatorio,5948385.00
InsertionSort,100000,Aleatorio,5954124.00
InsertionSort,100000,Aleatorio,6178497.00
InsertionSort,100000,Aleatorio,7606138.00
InsertionSort,100000,Ordenado,425.50
InsertionSort,100000,Decrescente,13660719.00
InsertionSort,200000,Aleatorio,22674162.00
InsertionSort,200000,Aleatorio,22699800.00
InsertionSort,200000,Aleatorio,22316660.00
InsertionSort,200000,Aleatorio,22594673.00
InsertionSort,200000,Aleatorio,23008361.00
InsertionSort,200000,Aleatorio,22341714.00
InsertionSort,200000,Aleatorio,22262903.00
InsertionSort,200000,Aleatorio,22323935.00
InsertionSort,200000,Aleatorio,22278044.00
InsertionSort,200000,Aleatorio,22277027.00
InsertionSort,200000,Ordenado,600.80
InsertionSort,200000,Decrescente,44608207.20
InsertionSort,500000,Aleatorio,141109282.00
InsertionSort,500000,Aleatorio,140498727.00
InsertionSort,500000,Aleatorio,140458826.00
InsertionSort,500000,Aleatorio,140701372.00
InsertionSort,500000,Aleatorio,140241226.00
InsertionSort,500000,Aleatorio,140347224.00
InsertionSort,500000,Aleatorio,140431623.00
InsertionSort,500000,Aleatorio,140791742.00
InsertionSort,500000,Aleatorio,142467081.00
InsertionSort,500000,Aleatorio,140828068.00
InsertionSort,500000,Ordenado,1540.40
InsertionSort,500000,Decrescente,282496198.00
InsertionSort,1000000,Aleatorio,565104802.00
InsertionSort,1000000,Aleatorio,565152515.00
InsertionSort,1000000,Aleatorio,564206018.00
InsertionSort,1000000,Aleatorio,565008696.00
InsertionSort,1000000,Aleatorio,564683851.00
InsertionSort,1000000,Aleatorio,564901343.00
InsertionSort,1000000,Aleatorio,565165909.00
InsertionSort,1000000,Aleatorio,564625576.00
InsertionSort,1000000,Aleatorio,564773325.00
InsertionSort,1000000,Aleatorio,565644018.00
InsertionSort,1000000,Ordenado,3104.10
InsertionSort,1000000,Decrescente,1126048237.60
SelectionSort,10000,Aleatorio,99893.00
SelectionSort,10000,Aleatorio,100407.00
SelectionSort,10000,Aleatorio,98870.00
SelectionSort,10000,Aleatorio,99697.00
SelectionSort,10000,Aleatorio,99752.00
SelectionSort,10000,Aleatorio,99529.00
SelectionSort,10000,Aleatorio,98697.00
SelectionSort,10000,Aleatorio,99577.00
SelectionSort,10000,Aleatorio,99058.00
SelectionSort,10000,Aleatorio,99194.00
SelectionSort,10000,Ordenado,98741.30
SelectionSort,10000,Decrescente,93933.40
SelectionSort,50000,Aleatorio,2469202.00
SelectionSort,50000,Aleatorio,2466904.00
SelectionSort,50000,Aleatorio,2468804.00
SelectionSort,50000,Aleatorio,2469356.00
SelectionSort,50000,Aleatorio,2470410.00
SelectionSort,50000,Aleatorio,2469456.00
SelectionSort,50000,Aleatorio,2469161.00
SelectionSort,50000,Aleatorio,2468849.00
SelectionSort,50000,Aleatorio,2469387.00
SelectionSort,50000,Aleatorio,2469000.00
SelectionSort,50000,Ordenado,2466642.30
SelectionSort,50000,Decrescente,2346479.60
SelectionSort,100000,Aleatorio,9774693.00
SelectionSort,100000,Aleatorio,9719487.00
SelectionSort,100000,Aleatorio,9708501.00
SelectionSort,100000,Aleatorio,9718110.00
SelectionSort,100000,Aleatorio,9723480.00
SelectionSort,100000,Aleatorio,9711871.00
SelectionSort,100000,Aleatorio,9705242.00
SelectionSort,100000,Aleatorio,9711788.00
SelectionSort,100000,Aleatorio,9717448.00
SelectionSort,100000,Aleatorio,9715756.00
SelectionSort,100000,Ordenado,9710271.60
SelectionSort,100000,Decrescente,9310757.80
SelectionSort,200000,Aleatorio,38945459.00
SelectionSort,200000,Aleatorio,38936180.00
SelectionSort,200000,Aleatorio,38927615.00
SelectionSort,200000,Aleatorio,38925855.00
SelectionSort,200000,Aleatorio,38918157.00
SelectionSort,200000,Aleatorio,38920138.00
SelectionSort,200000,Aleatorio,38960421.00
SelectionSort,200000,Aleatorio,38915875.00
SelectionSort,200000,Aleatorio,38884838.00
SelectionSort,200000,Aleatorio,38878384.00
SelectionSort,200000,Ordenado,38829127.50
SelectionSort,200000,Decrescente,37482215.40
SelectionSort,500000,Aleatorio,243133983.00
SelectionSort,500000,Aleatorio,243025122.00
SelectionSort,500000,Aleatorio,242851491.00
SelectionSort,500000,Aleatorio,242856229.00
SelectionSort,500000,Aleatorio,242831708.00
SelectionSort,500000,Aleatorio,242777607.00
SelectionSort,500000,Aleatorio,242768860.00
SelectionSort,500000,Aleatorio,242859670.00
SelectionSort,500000,Aleatorio,242831836.00
SelectionSort,500000,Aleatorio,242795528.00
SelectionSort,500000,Ordenado,243595271.80
SelectionSort,500000,Decrescente,235000388.10
SelectionSort,1000000,Aleatorio,996162281.00
SelectionSort,1000000,Aleatorio,990387848.00
SelectionSort,1000000,Aleatorio,983498943.00
SelectionSort,1000000,Aleatorio,979001049.00
SelectionSort,1000000,Aleatorio,969392067.00
SelectionSort,1000000,Aleatorio,971035064.00
SelectionSort,1000000,Aleatorio,1019252073.00
SelectionSort,1000000,Aleatorio,1143001467.00
SelectionSort,1000000,Aleatorio,1109402887.00
SelectionSort,1000000,Aleatorio,1141219173.00
SelectionSort,1000000,Ordenado,1107307803.20
SelectionSort,1000000,Decrescente,1075676976.70
ShellSort,10000,Aleatorio,1123.00
ShellSort,10000,Aleatorio,2439.00
ShellSort,10000,Aleatorio,1048.00
ShellSort,10000,Aleatorio,1036.00
ShellSort,10000,Aleatorio,2009.00
ShellSort,10000,Aleatorio,1039.00
ShellSort,10000,Aleatorio,1004.00
ShellSort,10000,Aleatorio,1545.00
ShellSort,10000,Aleatorio,1120.00
ShellSort,10000,Aleatorio,2040.00
ShellSort,10000,Ordenado,366.90
ShellSort,10000,Decrescente,620.00
ShellSort,50000,Aleatorio,9027.00
ShellSort,50000,Aleatorio,10671.00
ShellSort,50000,Aleatorio,10288.00
ShellSort,50000,Aleatorio,10824.00
ShellSort,50000,Aleatorio,11052.00
ShellSort,50000,Aleatorio,9757.00
ShellSort,50000,Aleatorio,9526.00
ShellSort,50000,Aleatorio,9290.00
ShellSort,50000,Aleatorio,10225.00
ShellSort,50000,Aleatorio,9814.00
ShellSort,50000,Ordenado,2172.30
ShellSort,50000,Decrescente,3154.30
ShellSort,100000,Aleatorio,23828.00
ShellSort,100000,Aleatorio,23096.00
ShellSort,100000,Aleatorio,22194.00
ShellSort,100000,Aleatorio,22642.00
ShellSort,100000,Aleatorio,22307.00
ShellSort,100000,Aleatorio,23004.00
ShellSort,100000,Aleatorio,22750.00
ShellSort,100000,Aleatorio,22524.00
ShellSort,100000,Aleatorio,22754.00
ShellSort,100000,Aleatorio,22932.00
ShellSort,100000,Ordenado,4532.30
ShellSort,100000,Decrescente,6593.90
ShellSort,200000,Aleatorio,51963.00
ShellSort,200000,Aleatorio,50202.00
ShellSort,200000,Aleatorio,49551.00
ShellSort,200000,Aleatorio,50759.00
ShellSort,200000,Aleatorio,49600.00
ShellSort,200000,Aleatorio,50219.00
ShellSort,200000,Aleatorio,49850.00
ShellSort,200000,Aleatorio,49801.00
ShellSort,200000,Aleatorio,49916.00
ShellSort,200000,Aleatorio,50722.00
ShellSort,200000,Ordenado,9710.50
ShellSort,200000,Decrescente,14277.90
ShellSort,500000,Aleatorio,136784.00
ShellSort,500000,Aleatorio,138640.00
ShellSort,500000,Aleatorio,131543.00
ShellSort,500000,Aleatorio,134502.00
ShellSort,500000,Aleatorio,133656.00
ShellSort,500000,Aleatorio,132779.00
ShellSort,500000,Aleatorio,133677.00
ShellSort,500000,Aleatorio,131601.00
ShellSort,500000,Aleatorio,140476.00
ShellSort,500000,Aleatorio,132198.00
ShellSort,500000,Ordenado,25849.40
ShellSort,500000,Decrescente,37367.20
ShellSort,1000000,Aleatorio,296583.00
ShellSort,1000000,Aleatorio,288254.00
ShellSort,1000000,Aleatorio,287557.00
ShellSort,1000000,Aleatorio,296961.00
ShellSort,1000000,Aleatorio,299985.00
ShellSort,1000000,Aleatorio,290244.00
ShellSort,1000000,Aleatorio,292569.00
ShellSort,1000000,Aleatorio,296794.00
ShellSort,1000000,Aleatorio,291534.00
ShellSort,1000000,Aleatorio,302384.00
ShellSort,1000000,Ordenado,54796.00
ShellSort,1000000,Decrescente,78029.80
MergeSort,10000,Aleatorio,1390.00
MergeSort,10000,Aleatorio,2017.00
MergeSort,10000,Aleatorio,1002.00
MergeSort,10000,Aleatorio,1001.00
MergeSort,10000,Aleatorio,1511.00
MergeSort,10000,Aleatorio,1547.00
MergeSort,10000,Aleatorio,1008.00
MergeSort,10000,Aleatorio,1000.00
MergeSort,10000,Aleatorio,999.00
MergeSort,10000,Aleatorio,1000.00
MergeSort,10000,Ordenado,626.70
MergeSort,10000,Decrescente,714.40
MergeSort,50000,Aleatorio,7623.00
MergeSort,50000,Aleatorio,7808.00
MergeSort,50000,Aleatorio,7141.00
MergeSort,50000,Aleatorio,6326.00
MergeSort,50000,Aleatorio,6392.00
MergeSort,50000,Aleatorio,6401.00
MergeSort,50000,Aleatorio,6287.00
MergeSort,50000,Aleatorio,6280.00
MergeSort,50000,Aleatorio,6321.00
MergeSort,50000,Aleatorio,6401.00
MergeSort,50000,Ordenado,3575.20
MergeSort,50000,Decrescente,3650.40
MergeSort,100000,Aleatorio,24829.00
MergeSort,100000,Aleatorio,22512.00
MergeSort,100000,Aleatorio,22122.00
MergeSort,100000,Aleatorio,22394.00
MergeSort,100000,Aleatorio,22029.00
MergeSort,100000,Aleatorio,22899.00
MergeSort,100000,Aleatorio,22368.00
MergeSort,100000,Aleatorio,22250.00
MergeSort,100000,Aleatorio,22363.00
MergeSort,100000,Aleatorio,22431.00
MergeSort,100000,Ordenado,15716.50
MergeSort,100000,Decrescente,15514.90
MergeSort,200000,Aleatorio,45696.00
MergeSort,200000,Aleatorio,44780.00
MergeSort,200000,Aleatorio,44844.00
MergeSort,200000,Aleatorio,44829.00
MergeSort,200000,Aleatorio,44691.00
MergeSort,200000,Aleatorio,44879.00
MergeSort,200000,Aleatorio,45233.00
MergeSort,200000,Aleatorio,44582.00
MergeSort,200000,Aleatorio,44749.00
MergeSort,200000,Aleatorio,45118.00
MergeSort,200000,Ordenado,32056.60
MergeSort,200000,Decrescente,31525.40
MergeSort,500000,Aleatorio,122281.00
MergeSort,500000,Aleatorio,117477.00
MergeSort,500000,Aleatorio,117090.00
MergeSort,500000,Aleatorio,117044.00
MergeSort,500000,Aleatorio,117525.00
MergeSort,500000,Aleatorio,118772.00
MergeSort,500000,Aleatorio,118501.00
MergeSort,500000,Aleatorio,118235.00
MergeSort,500000,Aleatorio,118307.00
MergeSort,500000,Aleatorio,117473.00
MergeSort,500000,Ordenado,82941.40
MergeSort,500000,Decrescente,81834.00
MergeSort,1000000,Aleatorio,241474.00
MergeSort,1000000,Aleatorio,241495.00
MergeSort,1000000,Aleatorio,239230.00
MergeSort,1000000,Aleatorio,239795.00
MergeSort,1000000,Aleatorio,240110.00
MergeSort,1000000,Aleatorio,241436.00
MergeSort,1000000,Aleatorio,240299.00
MergeSort,1000000,Aleatorio,240052.00
MergeSort,1000000,Aleatorio,239681.00
MergeSort,1000000,Aleatorio,241299.00
MergeSort,1000000,Ordenado,170439.50
MergeSort,1000000,Decrescente,170752.30
QuickSort,10000,Aleatorio,1137.00
QuickSort,10000,Aleatorio,1030.00
QuickSort,10000,Aleatorio,1025.00
QuickSort,10000,Aleatorio,1120.00
QuickSort,10000,Aleatorio,1015.00
QuickSort,10000,Aleatorio,1005.00
QuickSort,10000,Aleatorio,1003.00
QuickSort,10000,Aleatorio,1017.00
QuickSort,10000,Aleatorio,1014.00
QuickSort,10000,Aleatorio,1003.00
QuickSort,10000,Ordenado,650.30
QuickSort,10000,Decrescente,685.70
QuickSort,50000,Aleatorio,7181.00
QuickSort,50000,Aleatorio,5918.00
QuickSort,50000,Aleatorio,5789.00
QuickSort,50000,Aleatorio,5712.00
QuickSort,50000,Aleatorio,6082.00
QuickSort,50000,Aleatorio,5885.00
QuickSort,50000,Aleatorio,5926.00
QuickSort,50000,Aleatorio,5817.00
QuickSort,50000,Aleatorio,5917.00
QuickSort,50000,Aleatorio,5959.00
QuickSort,50000,Ordenado,3428.10
QuickSort,50000,Decrescente,3815.70
QuickSort,100000,Aleatorio,12974.00
QuickSort,100000,Aleatorio,12239.00
QuickSort,100000,Aleatorio,12149.00
QuickSort,100000,Aleatorio,12021.00
QuickSort,100000,Aleatorio,11965.00
QuickSort,100000,Aleatorio,12151.00
QuickSort,100000,Aleatorio,12073.00
QuickSort,100000,Aleatorio,12856.00
QuickSort,100000,Aleatorio,12321.00
QuickSort,100000,Aleatorio,12274.00
QuickSort,100000,Ordenado,7248.30
QuickSort,100000,Decrescente,8130.80
QuickSort,200000,Aleatorio,29583.00
QuickSort,200000,Aleatorio,25364.00
QuickSort,200000,Aleatorio,25084.00
QuickSort,200000,Aleatorio,25532.00
QuickSort,200000,Aleatorio,25643.00
QuickSort,200000,Aleatorio,25440.00
QuickSort,200000,Aleatorio,25369.00
QuickSort,200000,Aleatorio,25162.00
QuickSort,200000,Aleatorio,25469.00
QuickSort,200000,Aleatorio,24963.00
QuickSort,200000,Ordenado,15539.20
QuickSort,200000,Decrescente,18323.20
QuickSort,500000,Aleatorio,68566.00
QuickSort,500000,Aleatorio,67328.00
QuickSort,500000,Aleatorio,66193.00
QuickSort,500000,Aleatorio,66141.00
QuickSort,500000,Aleatorio,66900.00
QuickSort,500000,Aleatorio,67252.00
QuickSort,500000,Aleatorio,66478.00
QuickSort,500000,Aleatorio,66664.00
QuickSort,500000,Aleatorio,67193.00
QuickSort,500000,Aleatorio,67472.00
QuickSort,500000,Ordenado,48744.40
QuickSort,500000,Decrescente,58247.30
QuickSort,1000000,Aleatorio,154638.00
QuickSort,1000000,Aleatorio,154229.00
QuickSort,1000000,Aleatorio,152415.00
QuickSort,1000000,Aleatorio,153127.00
QuickSort,1000000,Aleatorio,155706.00
QuickSort,1000000,Aleatorio,153808.00
QuickSort,1000000,Aleatorio,151233.00
QuickSort,1000000,Aleatorio,151375.00
QuickSort,1000000,Aleatorio,153602.00
QuickSort,1000000,Aleatorio,151901.00
QuickSort,1000000,Ordenado,128807.80
QuickSort,1000000,Decrescente,163681.40
HeapSort,10000,Aleatorio,1621.00
HeapSort,10000,Aleatorio,1532.00
HeapSort,10000,Aleatorio,1591.00
HeapSort,10000,Aleatorio,1527.00
HeapSort,10000,Aleatorio,1618.00
HeapSort,10000,Aleatorio,1522.00
HeapSort,10000,Aleatorio,1677.00
HeapSort,10000,Aleatorio,1699.00
HeapSort,10000,Aleatorio,1608.00
HeapSort,10000,Aleatorio,1561.00
HeapSort,10000,Ordenado,1638.20
HeapSort,10000,Decrescente,1193.40
HeapSort,50000,Aleatorio,10437.00
HeapSort,50000,Aleatorio,9236.00
HeapSort,50000,Aleatorio,9083.00
HeapSort,50000,Aleatorio,9110.00
HeapSort,50000,Aleatorio,9215.00
HeapSort,50000,Aleatorio,9418.00
HeapSort,50000,Aleatorio,9265.00
HeapSort,50000,Aleatorio,9166.00
HeapSort,50000,Aleatorio,9129.00
HeapSort,50000,Aleatorio,9117.00
HeapSort,50000,Ordenado,6824.10
HeapSort,50000,Decrescente,6743.70
HeapSort,100000,Aleatorio,25909.00
HeapSort,100000,Aleatorio,19825.00
HeapSort,100000,Aleatorio,19902.00
HeapSort,100000,Aleatorio,19721.00
HeapSort,100000,Aleatorio,19943.00
HeapSort,100000,Aleatorio,19875.00
HeapSort,100000,Aleatorio,19627.00
HeapSort,100000,Aleatorio,19616.00
HeapSort,100000,Aleatorio,19648.00
HeapSort,100000,Aleatorio,19677.00
HeapSort,100000,Ordenado,14216.30
HeapSort,100000,Decrescente,13866.30
HeapSort,200000,Aleatorio,44228.00
HeapSort,200000,Aleatorio,43206.00
HeapSort,200000,Aleatorio,43302.00
HeapSort,200000,Aleatorio,42992.00
HeapSort,200000,Aleatorio,42899.00
HeapSort,200000,Aleatorio,43108.00
HeapSort,200000,Aleatorio,42867.00
HeapSort,200000,Aleatorio,43185.00
HeapSort,200000,Aleatorio,42951.00
HeapSort,200000,Aleatorio,43706.00
HeapSort,200000,Ordenado,30518.10
HeapSort,200000,Decrescente,29694.40
HeapSort,500000,Aleatorio,122360.00
HeapSort,500000,Aleatorio,121461.00
HeapSort,500000,Aleatorio,121003.00
HeapSort,500000,Aleatorio,120908.00
HeapSort,500000,Aleatorio,120816.00
HeapSort,500000,Aleatorio,123317.00
HeapSort,500000,Aleatorio,123323.00
HeapSort,500000,Aleatorio,120720.00
HeapSort,500000,Aleatorio,120401.00
HeapSort,500000,Aleatorio,122045.00
HeapSort,500000,Ordenado,82849.30
HeapSort,500000,Decrescente,80987.10
HeapSort,1000000,Aleatorio,265393.00
HeapSort,1000000,Aleatorio,262977.00
HeapSort,1000000,Aleatorio,268124.00
HeapSort,1000000,Aleatorio,261879.00
HeapSort,1000000,Aleatorio,262922.00
HeapSort,1000000,Aleatorio,262535.00
HeapSort,1000000,Aleatorio,266840.00
HeapSort,1000000,Aleatorio,262587.00
HeapSort,1000000,Aleatorio,267088.00
HeapSort,1000000,Aleatorio,263075.00
HeapSort,1000000,Ordenado,177405.50
HeapSort,1000000,Decrescente,173945.40
BucketSort,10000,Aleatorio,5746.00
BucketSort,10000,Aleatorio,5833.00
BucketSort,10000,Aleatorio,5839.00
BucketSort,10000,Aleatorio,5615.00
BucketSort,10000,Aleatorio,5647.00
BucketSort,10000,Aleatorio,5912.00
BucketSort,10000,Aleatorio,5608.00
BucketSort,10000,Aleatorio,5733.00
BucketSort,10000,Aleatorio,5697.00
BucketSort,10000,Aleatorio,5598.00
BucketSort,10000,Ordenado,161.50
BucketSort,10000,Decrescente,11253.00
BucketSort,50000,Aleatorio,139292.00
BucketSort,50000,Aleatorio,137475.00
BucketSort,50000,Aleatorio,137172.00
BucketSort,50000,Aleatorio,138349.00
BucketSort,50000,Aleatorio,136955.00
BucketSort,50000,Aleatorio,137370.00
BucketSort,50000,Aleatorio,137129.00
BucketSort,50000,Aleatorio,137405.00
BucketSort,50000,Aleatorio,137711.00
BucketSort,50000,Aleatorio,137675.00
BucketSort,50000,Ordenado,783.10
BucketSort,50000,Decrescente,273793.90
BucketSort,100000,Aleatorio,549055.00
BucketSort,100000,Aleatorio,552517.00
BucketSort,100000,Aleatorio,551274.00
BucketSort,100000,Aleatorio,550738.00
BucketSort,100000,Aleatorio,546879.00
BucketSort,100000,Aleatorio,549599.00
BucketSort,100000,Aleatorio,546657.00
BucketSort,100000,Aleatorio,545889.00
BucketSort,100000,Aleatorio,547213.00
BucketSort,100000,Aleatorio,546360.00
BucketSort,100000,Ordenado,1561.80
BucketSort,100000,Decrescente,1096438.40
BucketSort,200000,Aleatorio,2196400.00
BucketSort,200000,Aleatorio,2185652.00
BucketSort,200000,Aleatorio,2192634.00
BucketSort,200000,Aleatorio,2189201.00
BucketSort,200000,Aleatorio,2196391.00
BucketSort,200000,Aleatorio,2189567.00
BucketSort,200000,Aleatorio,2184408.00
BucketSort,200000,Aleatorio,2195305.00
BucketSort,200000,Aleatorio,2196084.00
BucketSort,200000,Aleatorio,2196191.00
BucketSort,200000,Ordenado,3148.10
BucketSort,200000,Decrescente,4379445.70
BucketSort,500000,Aleatorio,13736091.00
BucketSort,500000,Aleatorio,13710232.00
BucketSort,500000,Aleatorio,13713291.00
BucketSort,500000,Aleatorio,13738264.00
BucketSort,500000,Aleatorio,13714357.00
BucketSort,500000,Aleatorio,13734927.00
BucketSort,500000,Aleatorio,13712496.00
BucketSort,500000,Aleatorio,13704698.00
BucketSort,500000,Aleatorio,13706140.00
BucketSort,500000,Aleatorio,13758293.00
BucketSort,500000,Ordenado,7679.40
BucketSort,500000,Decrescente,27596741.30
BucketSort,1000000,Aleatorio,55843631.00
BucketSort,1000000,Aleatorio,55779623.00
BucketSort,1000000,Aleatorio,55711256.00
BucketSort,1000000,Aleatorio,55708264.00
BucketSort,1000000,Aleatorio,55724656.00
BucketSort,1000000,Aleatorio,55618682.00
BucketSort,1000000,Aleatorio,57178537.00
BucketSort,1000000,Aleatorio,55757168.00
BucketSort,1000000,Aleatorio,55956818.00
BucketSort,1000000,Aleatorio,55797324.00
BucketSort,1000000,Ordenado,15446.40
BucketSort,1000000,Decrescente,111036265.50
RadixSort,10000,Aleatorio,871.00
RadixSort,10000,Aleatorio,812.00
RadixSort,10000,Aleatorio,810.00
RadixSort,10000,Aleatorio,811.00
RadixSort,10000,Aleatorio,811.00
RadixSort,10000,Aleatorio,810.00
RadixSort,10000,Aleatorio,810.00
RadixSort,10000,Aleatorio,811.00
RadixSort,10000,Aleatorio,875.00
RadixSort,10000,Aleatorio,808.00
RadixSort,10000,Ordenado,666.50
RadixSort,10000,Decrescente,827.60
RadixSort,50000,Aleatorio,5384.00
RadixSort,50000,Aleatorio,4054.00
RadixSort,50000,Aleatorio,4165.00
RadixSort,50000,Aleatorio,4177.00
RadixSort,50000,Aleatorio,4038.00
RadixSort,50000,Aleatorio,4056.00
RadixSort,50000,Aleatorio,4087.00
RadixSort,50000,Aleatorio,4172.00
RadixSort,50000,Aleatorio,4041.00
RadixSort,50000,Aleatorio,4253.00
RadixSort,50000,Ordenado,4157.30
RadixSort,50000,Decrescente,4152.50
RadixSort,100000,Aleatorio,8355.00
RadixSort,100000,Aleatorio,8236.00
RadixSort,100000,Aleatorio,8142.00
RadixSort,100000,Aleatorio,8150.00
RadixSort,100000,Aleatorio,8364.00
RadixSort,100000,Aleatorio,8066.00
RadixSort,100000,Aleatorio,8334.00
RadixSort,100000,Aleatorio,8815.00
RadixSort,100000,Aleatorio,8356.00
RadixSort,100000,Aleatorio,8216.00
RadixSort,100000,Ordenado,8339.90
RadixSort,100000,Decrescente,10007.70
RadixSort,200000,Aleatorio,16742.00
RadixSort,200000,Aleatorio,16638.00
RadixSort,200000,Aleatorio,16242.00
RadixSort,200000,Aleatorio,16912.00
RadixSort,200000,Aleatorio,16241.00
RadixSort,200000,Aleatorio,17126.00
RadixSort,200000,Aleatorio,16368.00
RadixSort,200000,Aleatorio,16598.00
RadixSort,200000,Aleatorio,16426.00
RadixSort,200000,Aleatorio,16561.00
RadixSort,200000,Ordenado,19730.70
RadixSort,200000,Decrescente,19516.20
RadixSort,500000,Aleatorio,45678.00
RadixSort,500000,Aleatorio,44543.00
RadixSort,500000,Aleatorio,44785.00
RadixSort,500000,Aleatorio,44838.00
RadixSort,500000,Aleatorio,44281.00
RadixSort,500000,Aleatorio,44624.00
RadixSort,500000,Aleatorio,44679.00
RadixSort,500000,Aleatorio,44335.00
RadixSort,500000,Aleatorio,44210.00
RadixSort,500000,Aleatorio,43980.00
RadixSort,500000,Ordenado,52962.80
RadixSort,500000,Decrescente,53312.90
RadixSort,1000000,Aleatorio,90195.00
RadixSort,1000000,Aleatorio,88051.00
RadixSort,1000000,Aleatorio,91123.00
RadixSort,1000000,Aleatorio,89967.00
RadixSort,1000000,Aleatorio,88205.00
RadixSort,1000000,Aleatorio,90036.00
RadixSort,1000000,Aleatorio,88551.00
RadixSort,1000000,Aleatorio,88902.00
RadixSort,1000000,Aleatorio,88194.00
RadixSort,1000000,Aleatorio,88331.00
RadixSort,1000000,Ordenado,106327.80
RadixSort,1000000,Decrescente,125064.00
CountingSort,10000,Aleatorio,224.00
CountingSort,10000,Aleatorio,229.00
CountingSort,10000,Aleatorio,227.00
CountingSort,10000,Aleatorio,239.00
CountingSort,10000,Aleatorio,234.00
CountingSort,10000,Aleatorio,230.00
CountingSort,10000,Aleatorio,261.00
CountingSort,10000,Aleatorio,224.00
CountingSort,10000,Aleatorio,224.00
CountingSort,10000,Aleatorio,225.00
CountingSort,10000,Ordenado,128.10
CountingSort,10000,Decrescente,124.60
CountingSort,50000,Aleatorio,1119.00
CountingSort,50000,Aleatorio,1080.00
CountingSort,50000,Aleatorio,942.00
CountingSort,50000,Aleatorio,759.00
CountingSort,50000,Aleatorio,763.00
CountingSort,50000,Aleatorio,759.00
CountingSort,50000,Aleatorio,766.00
CountingSort,50000,Aleatorio,691.00
CountingSort,50000,Aleatorio,660.00
CountingSort,50000,Aleatorio,653.00
CountingSort,50000,Ordenado,644.00
CountingSort,50000,Decrescente,650.10
CountingSort,100000,Aleatorio,2269.00
CountingSort,100000,Aleatorio,1130.00
CountingSort,100000,Aleatorio,1077.00
CountingSort,100000,Aleatorio,1079.00
CountingSort,100000,Aleatorio,1077.00
CountingSort,100000,Aleatorio,1080.00
CountingSort,100000,Aleatorio,1077.00
CountingSort,100000,Aleatorio,1156.00
CountingSort,100000,Aleatorio,1079.00
CountingSort,100000,Aleatorio,1167.00
CountingSort,100000,Ordenado,1094.70
CountingSort,100000,Decrescente,1069.70
CountingSort,200000,Aleatorio,2419.00
CountingSort,200000,Aleatorio,2309.00
CountingSort,200000,Aleatorio,2118.00
CountingSort,200000,Aleatorio,2111.00
CountingSort,200000,Aleatorio,2115.00
CountingSort,200000,Aleatorio,2354.00
CountingSort,200000,Aleatorio,2263.00
CountingSort,200000,Aleatorio,2114.00
CountingSort,200000,Aleatorio,2158.00
CountingSort,200000,Aleatorio,2193.00
CountingSort,200000,Ordenado,2479.00
CountingSort,200000,Decrescente,2494.70
CountingSort,500000,Aleatorio,5898.00
CountingSort,500000,Aleatorio,6305.00
CountingSort,500000,Aleatorio,6442.00
CountingSort,500000,Aleatorio,5893.00
CountingSort,500000,Aleatorio,5810.00
CountingSort,500000,Aleatorio,5794.00
CountingSort,500000,Aleatorio,5876.00
CountingSort,500000,Aleatorio,5876.00
CountingSort,500000,Aleatorio,5989.00
CountingSort,500000,Aleatorio,5868.00
CountingSort,500000,Ordenado,6169.20
CountingSort,500000,Decrescente,6213.70
CountingSort,1000000,Aleatorio,11987.00
CountingSort,1000000,Aleatorio,12008.00
CountingSort,1000000,Aleatorio,12074.00
CountingSort,1000000,Aleatorio,11793.00
CountingSort,1000000,Aleatorio,11838.00
CountingSort,1000000,Aleatorio,11722.00
CountingSort,1000000,Aleatorio,11750.00
CountingSort,1000000,Aleatorio,11850.00
CountingSort,1000000,Aleatorio,11950.00
CountingSort,1000000,Aleatorio,11735.00
CountingSort,1000000,Ordenado,12456.70
CountingSort,1000000,Decrescente,12653.80
TimSort,10000,Aleatorio,1244.00
TimSort,10000,Aleatorio,1246.00
TimSort,10000,Aleatorio,1290.00
TimSort,10000,Aleatorio,1156.00
TimSort,10000,Aleatorio,877.00
TimSort,10000,Aleatorio,878.00
TimSort,10000,Aleatorio,877.00
TimSort,10000,Aleatorio,875.00
TimSort,10000,Aleatorio,880.00
TimSort,10000,Aleatorio,876.00
TimSort,10000,Ordenado,368.00
TimSort,10000,Decrescente,718.80
TimSort,50000,Aleatorio,5300.00
TimSort,50000,Aleatorio,5381.00
TimSort,50000,Aleatorio,5239.00
TimSort,50000,Aleatorio,5231.00
TimSort,50000,Aleatorio,5585.00
TimSort,50000,Aleatorio,5230.00
TimSort,50000,Aleatorio,5379.00
TimSort,50000,Aleatorio,5294.00
TimSort,50000,Aleatorio,5233.00
TimSort,50000,Aleatorio,5284.00
TimSort,50000,Ordenado,2284.00
TimSort,50000,Decrescente,3918.20
TimSort,100000,Aleatorio,14410.00
TimSort,100000,Aleatorio,13178.00
TimSort,100000,Aleatorio,13049.00
TimSort,100000,Aleatorio,12739.00
TimSort,100000,Aleatorio,12748.00
TimSort,100000,Aleatorio,12605.00
TimSort,100000,Aleatorio,12589.00
TimSort,100000,Aleatorio,12587.00
TimSort,100000,Aleatorio,12582.00
TimSort,100000,Aleatorio,12696.00
TimSort,100000,Ordenado,5464.40
TimSort,100000,Decrescente,8498.60
TimSort,200000,Aleatorio,31290.00
TimSort,200000,Aleatorio,25884.00
TimSort,200000,Aleatorio,25861.00
TimSort,200000,Aleatorio,25644.00
TimSort,200000,Aleatorio,25760.00
TimSort,200000,Aleatorio,25689.00
TimSort,200000,Aleatorio,25616.00
TimSort,200000,Aleatorio,25616.00
TimSort,200000,Aleatorio,25812.00
TimSort,200000,Aleatorio,26084.00
TimSort,200000,Ordenado,11435.60
TimSort,200000,Decrescente,17986.80
TimSort,500000,Aleatorio,72828.00
TimSort,500000,Aleatorio,69306.00
TimSort,500000,Aleatorio,68774.00
TimSort,500000,Aleatorio,67594.00
TimSort,500000,Aleatorio,67579.00
TimSort,500000,Aleatorio,67312.00
TimSort,500000,Aleatorio,67146.00
TimSort,500000,Aleatorio,67401.00
TimSort,500000,Aleatorio,67715.00
TimSort,500000,Aleatorio,67280.00
TimSort,500000,Ordenado,31010.40
TimSort,500000,Decrescente,46587.80
TimSort,1000000,Aleatorio,142445.00
TimSort,1000000,Aleatorio,142123.00
TimSort,1000000,Aleatorio,140115.00
TimSort,1000000,Aleatorio,140198.00
TimSort,1000000,Aleatorio,140784.00
TimSort,1000000,Aleatorio,145041.00
TimSort,1000000,Aleatorio,143263.00
TimSort,1000000,Aleatorio,141338.00
TimSort,1000000,Aleatorio,139541.00
TimSort,1000000,Aleatorio,139617.00
TimSort,1000000,Ordenado,66382.20
TimSort,1000000,Decrescente,97969.90
